{"cameraMode":{"drawMode":7,"name":"Mipmaps","section":"Miscellaneous"},"sceneLighting":true,"audioPlay":false,"sceneViewState":{"showFog":true,"showMaterialUpdate":false,"showSkybox":true,"showFlares":true,"showImageEffects":true,"showParticleSystems":true},"in2DMode":false,"pivot":{"x":8.917947769165039,"y":2.651653289794922,"z":-29.06039810180664},"rotation":{"x":0.06476195156574249,"y":0.7910815477371216,"z":-0.08506013453006745,"w":0.6022961735725403},"size":2.61913800239563,"orthographic":false}