{"cameraMode":{"drawMode":0,"name":"Shaded","section":"Shading Mode"},"sceneLighting":true,"audioPlay":false,"sceneViewState":{"showFog":true,"showMaterialUpdate":false,"showSkybox":true,"showFlares":true,"showImageEffects":true,"showParticleSystems":true},"in2DMode":false,"pivot":{"x":7.078172206878662,"y":0.8605948090553284,"z":-14.089673042297364},"rotation":{"x":-0.03542511910200119,"y":-0.48384833335876467,"z":0.019606582820415498,"w":-0.8742148280143738},"size":12.029045104980469,"orthographic":false}