{"cameraMode":{"drawMode":7,"name":"Mipmaps","section":"Miscellaneous"},"sceneLighting":true,"audioPlay":false,"sceneViewState":{"showFog":true,"showMaterialUpdate":false,"showSkybox":true,"showFlares":true,"showImageEffects":true,"showParticleSystems":true},"in2DMode":false,"pivot":{"x":-4.198795795440674,"y":1.0971022844314576,"z":-23.694114685058595},"rotation":{"x":-0.02253710851073265,"y":-0.9337673187255859,"z":0.0597604364156723,"w":-0.35213541984558108},"size":8.741280555725098,"orthographic":false}