{"cameraMode":{"drawMode":7,"name":"Mipmaps","section":"Miscellaneous"},"sceneLighting":true,"audioPlay":false,"sceneViewState":{"showFog":true,"showMaterialUpdate":false,"showSkybox":true,"showFlares":true,"showImageEffects":true,"showParticleSystems":true},"in2DMode":false,"pivot":{"x":-15.595480918884278,"y":1.446773886680603,"z":-69.908447265625},"rotation":{"x":-0.14559128880500794,"y":0.24651619791984559,"z":-0.03748804330825806,"w":-0.9574066996574402},"size":2.685757875442505,"orthographic":false}