{"cameraMode":{"drawMode":7,"name":"Mipmaps","section":"Miscellaneous"},"sceneLighting":true,"audioPlay":false,"sceneViewState":{"showFog":true,"showMaterialUpdate":false,"showSkybox":true,"showFlares":true,"showImageEffects":true,"showParticleSystems":true},"in2DMode":false,"pivot":{"x":-5.800000190734863,"y":1.2121858596801758,"z":-82.60900115966797},"rotation":{"x":-0.0027833145577460529,"y":0.9801809787750244,"z":0.013808301649987698,"w":0.19760271906852723},"size":6.126622200012207,"orthographic":false}