{"cameraMode":{"drawMode":0,"name":"Shaded","section":"Shading Mode"},"sceneLighting":true,"audioPlay":false,"sceneViewState":{"showFog":true,"showMaterialUpdate":false,"showSkybox":true,"showFlares":true,"showImageEffects":true,"showParticleSystems":true},"in2DMode":false,"pivot":{"x":-4.015159606933594,"y":1.4322509765625,"z":-2.461324691772461},"rotation":{"x":0.10877254605293274,"y":0.31425005197525027,"z":-0.036270830780267718,"w":0.942390501499176},"size":120.0311279296875,"orthographic":false}