{"cameraMode":{"drawMode":0,"name":"Shaded","section":"Shading Mode"},"sceneLighting":true,"audioPlay":false,"sceneViewState":{"showFog":true,"showMaterialUpdate":false,"showSkybox":true,"showFlares":true,"showImageEffects":true,"showParticleSystems":true},"in2DMode":false,"pivot":{"x":-7.257875919342041,"y":0.6807335019111633,"z":-3.2846760749816896},"rotation":{"x":-0.16187617182731629,"y":0.10340941697359085,"z":-0.01705973595380783,"w":-0.9812296628952026},"size":4.059187889099121,"orthographic":false}