{"cameraMode":{"drawMode":0,"name":"Shaded","section":"Shading Mode"},"sceneLighting":true,"audioPlay":false,"sceneViewState":{"showFog":true,"showMaterialUpdate":false,"showSkybox":true,"showFlares":true,"showImageEffects":true,"showParticleSystems":true},"in2DMode":false,"pivot":{"x":-5.699999809265137,"y":0.9534721374511719,"z":-3.6500000953674318},"rotation":{"x":-0.16187617182731629,"y":0.10340941697359085,"z":-0.01705973595380783,"w":-0.9812296628952026},"size":4.359188079833984,"orthographic":false}