{"cameraMode":{"drawMode":0,"name":"Shaded","section":"Shading Mode"},"sceneLighting":true,"audioPlay":false,"sceneViewState":{"showFog":true,"showMaterialUpdate":false,"showSkybox":true,"showFlares":true,"showImageEffects":true,"showParticleSystems":true},"in2DMode":false,"pivot":{"x":-10.753072738647461,"y":13.375,"z":-21.112096786499025},"rotation":{"x":0.5951870083808899,"y":0.0016888987738639117,"z":-0.001251122448593378,"w":0.8035845756530762},"size":34.73583221435547,"orthographic":true}