{"cameraMode":{"drawMode":0,"name":"Shaded","section":"Shading Mode"},"sceneLighting":true,"audioPlay":false,"sceneViewState":{"showFog":true,"showMaterialUpdate":false,"showSkybox":true,"showFlares":true,"showImageEffects":true,"showParticleSystems":true},"in2DMode":false,"pivot":{"x":85.39707946777344,"y":-8.718635559082032,"z":-142.3435821533203},"rotation":{"x":-0.00966513343155384,"y":-0.955618143081665,"z":0.031548649072647098,"w":-0.292754590511322},"size":176.01821899414063,"orthographic":false}