{"cameraMode":{"drawMode":7,"name":"Mipmaps","section":"Miscellaneous"},"sceneLighting":true,"audioPlay":false,"sceneViewState":{"showFog":true,"showMaterialUpdate":false,"showSkybox":true,"showFlares":true,"showImageEffects":true,"showParticleSystems":true},"in2DMode":false,"pivot":{"x":-6.21999979019165,"y":1.7321858406066895,"z":-33.52000045776367},"rotation":{"x":0.015470411628484726,"y":-0.9822932481765747,"z":0.16114400327205659,"w":0.09430443495512009},"size":3.0446064472198488,"orthographic":false}