{"cameraMode":{"drawMode":0,"name":"Shaded","section":"Shading Mode"},"sceneLighting":true,"audioPlay":false,"sceneViewState":{"showFog":true,"showMaterialUpdate":true,"showSkybox":true,"showFlares":true,"showImageEffects":true,"showParticleSystems":true},"in2DMode":false,"pivot":{"x":-10.14616584777832,"y":-0.13194537162780763,"z":-0.04636335372924805},"rotation":{"x":0.27394163608551028,"y":-0.17448437213897706,"z":0.050611160695552829,"w":0.944430947303772},"size":5.561158657073975,"orthographic":false}