{"cameraMode":{"drawMode":7,"name":"Mipmaps","section":"Miscellaneous"},"sceneLighting":true,"audioPlay":false,"sceneViewState":{"showFog":true,"showMaterialUpdate":false,"showSkybox":true,"showFlares":true,"showImageEffects":true,"showParticleSystems":true},"in2DMode":false,"pivot":{"x":-5.720276355743408,"y":1.836236596107483,"z":-31.100000381469728},"rotation":{"x":-0.024147339165210725,"y":0.8020340800285339,"z":-0.032500188797712329,"w":-0.5959044098854065},"size":7.914433002471924,"orthographic":false}