{"cameraMode":{"drawMode":0,"name":"Shaded","section":"Shading Mode"},"sceneLighting":true,"audioPlay":false,"sceneViewState":{"showFog":true,"showMaterialUpdate":false,"showSkybox":true,"showFlares":true,"showImageEffects":true,"showParticleSystems":true},"in2DMode":false,"pivot":{"x":-4.638973236083984,"y":1.1268459558486939,"z":-0.4677159786224365},"rotation":{"x":0.0763896107673645,"y":0.030802639201283456,"z":-0.0023610787466168405,"w":0.9965993165969849},"size":4.765536785125732,"orthographic":false}