{"cameraMode":{"drawMode":0,"name":"Shaded","section":"Shading Mode"},"sceneLighting":true,"audioPlay":false,"sceneViewState":{"showFog":true,"showMaterialUpdate":false,"showSkybox":true,"showFlares":true,"showImageEffects":true,"showParticleSystems":true},"in2DMode":false,"pivot":{"x":-2.015331745147705,"y":0.6632715463638306,"z":-9.84087085723877},"rotation":{"x":0.0012229690328240395,"y":0.9978947639465332,"z":-0.06175830215215683,"w":0.019761720672249795},"size":12.205015182495118,"orthographic":false}