{"cameraMode":{"drawMode":0,"name":"Shaded","section":"Shading Mode"},"sceneLighting":true,"audioPlay":false,"sceneViewState":{"showFog":true,"showMaterialUpdate":false,"showSkybox":true,"showFlares":true,"showImageEffects":true,"showParticleSystems":true},"in2DMode":false,"pivot":{"x":505.64532470703127,"y":74.07176208496094,"z":-137.9134979248047},"rotation":{"x":0.0055475253611803059,"y":0.9925987124443054,"z":0.04977080971002579,"w":-0.11063437163829804},"size":684.69873046875,"orthographic":false}