{"cameraMode":{"drawMode":0,"name":"Shaded","section":"Shading Mode"},"sceneLighting":true,"audioPlay":false,"sceneViewState":{"showFog":true,"showMaterialUpdate":false,"showSkybox":true,"showFlares":true,"showImageEffects":true,"showParticleSystems":true},"in2DMode":false,"pivot":{"x":16.731496810913087,"y":10.511618614196778,"z":-20.941267013549806},"rotation":{"x":-0.01278469804674387,"y":0.4216383099555969,"z":0.005945512559264898,"w":0.9066545367240906},"size":1.2446026802062989,"orthographic":false}