{"cameraMode":{"drawMode":7,"name":"Mipmaps","section":"Miscellaneous"},"sceneLighting":true,"audioPlay":false,"sceneViewState":{"showFog":true,"showMaterialUpdate":false,"showSkybox":true,"showFlares":true,"showImageEffects":true,"showParticleSystems":true},"in2DMode":false,"pivot":{"x":-6.387200355529785,"y":1.2679332494735718,"z":-26.790781021118165},"rotation":{"x":-0.024147339165210725,"y":0.8020340800285339,"z":-0.032500188797712329,"w":-0.5959044098854065},"size":6.644651412963867,"orthographic":false}