{"cameraMode":{"drawMode":7,"name":"Mipmaps","section":"Miscellaneous"},"sceneLighting":true,"audioPlay":false,"sceneViewState":{"showFog":true,"showMaterialUpdate":false,"showSkybox":true,"showFlares":true,"showImageEffects":true,"showParticleSystems":true},"in2DMode":false,"pivot":{"x":-13.622995376586914,"y":-1.346466064453125,"z":-8.07391357421875},"rotation":{"x":0.09051382541656494,"y":-0.8921248316764832,"z":0.20615845918655396,"w":0.3916877806186676},"size":11.03895092010498,"orthographic":false}