{"cameraMode":{"drawMode":0,"name":"Shaded","section":"Shading Mode"},"sceneLighting":true,"audioPlay":false,"sceneViewState":{"showFog":true,"showMaterialUpdate":false,"showSkybox":true,"showFlares":true,"showImageEffects":true,"showParticleSystems":true},"in2DMode":false,"pivot":{"x":-1.7620898485183716,"y":0.9541110396385193,"z":-3.926273822784424},"rotation":{"x":0.05721079185605049,"y":-0.04940452426671982,"z":0.0028347428888082506,"w":0.9971349835395813},"size":4.648330211639404,"orthographic":false}