{"cameraMode":{"drawMode":0,"name":"Shaded","section":"Shading Mode"},"sceneLighting":true,"audioPlay":false,"sceneViewState":{"showFog":true,"showMaterialUpdate":false,"showSkybox":true,"showFlares":true,"showImageEffects":true,"showParticleSystems":true},"in2DMode":false,"pivot":{"x":16.57008171081543,"y":-2.8241138458251955,"z":5.726996421813965},"rotation":{"x":0.0717487782239914,"y":0.5661811232566834,"z":-0.04956059530377388,"w":0.8196553587913513},"size":24.397050857543947,"orthographic":false}