{"cameraMode":{"drawMode":7,"name":"Mipmaps","section":"Miscellaneous"},"sceneLighting":true,"audioPlay":false,"sceneViewState":{"showFog":true,"showMaterialUpdate":false,"showSkybox":true,"showFlares":true,"showImageEffects":true,"showParticleSystems":true},"in2DMode":false,"pivot":{"x":5.604201316833496,"y":0.26293256878852847,"z":-74.29724884033203},"rotation":{"x":-0.38377347588539126,"y":-0.24859577417373658,"z":0.10807711631059647,"w":-0.882744312286377},"size":4.474465370178223,"orthographic":false}