{"cameraMode":{"drawMode":0,"name":"Shaded","section":"Shading Mode"},"sceneLighting":true,"audioPlay":false,"sceneViewState":{"showFog":true,"showMaterialUpdate":false,"showSkybox":true,"showFlares":true,"showImageEffects":true,"showParticleSystems":true},"in2DMode":false,"pivot":{"x":0.3013758659362793,"y":0.6875379085540772,"z":-5.254533767700195},"rotation":{"x":-0.1794692426919937,"y":-0.7473263740539551,"z":0.2238507717847824,"w":-0.5993203520774841},"size":6.259410858154297,"orthographic":false}