{"cameraMode":{"drawMode":0,"name":"Shaded","section":"Shading Mode"},"sceneLighting":true,"audioPlay":false,"sceneViewState":{"showFog":true,"showMaterialUpdate":false,"showSkybox":true,"showFlares":true,"showImageEffects":true,"showParticleSystems":true},"in2DMode":false,"pivot":{"x":-7.706368446350098,"y":-7.297328948974609,"z":27.098539352416993},"rotation":{"x":-0.14346374571323396,"y":0.027886435389518739,"z":-0.004009240306913853,"w":-0.9892544746398926},"size":43.10225296020508,"orthographic":false}